Unnamed: 0,mu_1,mu_2
value,0.06681742488221078,0.2264964761374481
