index,phi_1,phi_2
i=1,0.9204855992226303,0.06060878565064952
i=2,1.026893500756563,0.7233076335673176
i=3,0.2456417506493272,1.058182052689436
i=4,-0.4222006360386848,1.116496117366269
i=5,-0.7226279093448724,0.6411385546593056
i=6,-0.8309003385084712,-0.09526085749108515
i=7,-0.7958524386608704,-0.6581741866155422
i=8,-0.1794378382908305,-0.7161527131140543
i=9,0.2668553036297661,-1.16644281465737
i=10,0.8653146419024282,-0.6445685646185153
